{
 "title": "Get My Miiverse Token!",
 "description": "Gets Miiverse auth data for PC usage",
 "author": "not Yoshiomi KURISU",
 "version": "1.0.1",
 "license": "Affero GPLv3",
 "url": "https://github.com/dwyazzo90/GetMyMiiverseToken/",
 "category": "tool",
 "details": "Do not download/use if you dont know what this is for, please.\\n\\nGets Miiverse auth data like your X-Nintendo-ServiceToken, and X-Nintendo-ParamPack so you can access your Miiverse instance outside the Wii U!\\n\\nFor more information, check the github page:\\n\\nhttps://github.com/dwyazzo90/GetMyMiiverseToken",
 "changelog": "Initial release / minor bugfix"
}